degree,percentage
-90,0.0000
-89,0.0002
-88,0.0001
-87,0.0002
-86,0.0001
-85,0.0002
-84,0.0003
-83,0.0003
-82,0.0004
-81,0.0003
-80,0.0005
-79,0.0005
-78,0.0005
-77,0.0005
-76,0.0009
-75,0.0011
-74,0.0014
-73,0.0010
-72,0.0011
-71,0.0014
-70,0.0014
-69,0.0021
-68,0.0022
-67,0.0029
-66,0.0030
-65,0.0047
-64,0.0065
-63,0.0122
-62,0.0129
-61,0.0208
-60,0.0486
-59,0.0701
-58,0.0902
-57,0.1132
-56,0.1353
-55,0.1568
-54,0.1907
-53,0.2123
-52,0.2178
-51,0.2010
-50,0.2693
-49,0.2874
-48,0.3398
-47,0.3845
-46,0.3909
-45,0.3950
-44,0.4620
-43,0.4910
-42,0.5335
-41,0.5348
-40,0.5867
-39,0.5491
-38,0.5687
-37,0.6515
-36,0.6446
-35,0.5590
-34,0.6394
-33,0.7782
-32,0.8865
-31,0.8761
-30,0.9959
-29,1.1091
-28,1.0611
-27,0.9745
-26,0.8905
-25,0.7786
-24,0.8069
-23,0.9010
-22,0.8950
-21,0.8098
-20,0.9378
-19,0.8676
-18,0.8342
-17,1.0486
-16,1.0782
-15,1.1249
-14,1.0258
-13,1.0060
-12,1.2977
-11,1.3643
-10,1.3532
-9,1.7371
-8,1.8870
-7,1.8528
-6,1.9094
-5,1.7301
-4,2.0661
-3,2.2357
-2,1.9744
-1,1.9509
0,1.7074
1,1.7601
2,2.0784
3,2.0727
4,1.9139
5,1.9408
6,1.8179
7,1.4109
8,0.9664
9,0.8105
10,0.8431
11,1.1001
12,1.0282
13,0.9732
14,1.0160
15,0.9174
16,0.8232
17,0.8084
18,0.7468
19,0.7751
20,0.8084
21,0.7858
22,0.7639
23,0.7258
24,0.7652
25,0.7726
26,0.7980
27,0.9005
28,0.8855
29,0.9456
30,0.9459
31,0.9415
32,0.9562
33,0.9351
34,0.9690
35,0.8825
36,0.7678
37,0.8626
38,0.7487
39,0.6355
40,0.7273
41,0.7057
42,0.7264
43,0.6934
44,0.5557
45,0.4942
46,0.4818
47,0.4603
48,0.3660
49,0.3569
50,0.3478
51,0.2412
52,0.1986
53,0.1643
54,0.1209
55,0.0663
56,0.0434
57,0.0279
58,0.0177
59,0.0140
60,0.0073
61,0.0051
62,0.0063
63,0.0043
64,0.0015
65,0.0013
66,0.0014
67,0.0017
68,0.0008
69,0.0006
70,0.0007
71,0.0009
72,0.0003
73,0.0004
74,0.0001
75,0.0002
76,0.0002
77,0.0003
78,0.0003
79,0.0002
80,0.0001
81,0.0002
82,0.0001
83,0.0001
84,0.0001
85,0.0000
86,0.0001
87,0.0000
88,0.0000
89,0.0000
